video_id,Category,LABEL
to8mQVw1Lso,People & Blogs,FAKE
rxTuq8gymc0,People & Blogs,FAKE
4N3hPrJLbEw,News & Politics,FAKE
CfvUr6WAEWM,Howto & Style,FAKE
i1rlytoxQ1o,People & Blogs,FAKE
jkytlp91onQ,People & Blogs,FAKE
H5k7n8HL3zw,People & Blogs,FAKE
SM_tuZcFicU,People & Blogs,FAKE
d_tXC7bkeWM,Entertainment,FAKE
zpM7AumRDSg,Entertainment,FAKE
BBzkcPxC2R4,Science & Technology,FAKE
cZ_ok0pXGZk,People & Blogs,FAKE
Zj4uIVp2J-I,People & Blogs,FAKE
zvNA0mimp30,People & Blogs,FAKE
lfFH46TMAP0,People & Blogs,FAKE
97I_wJxDepI,Entertainment,FAKE
OrV6rc_VjhI,People & Blogs,FAKE
1NZiG99SN7g,People & Blogs,FAKE
ttBZffinQeE,People & Blogs,FAKE
zk-DRuNjkc4,People & Blogs,FAKE
ELYg5_IDUE8,People & Blogs,FAKE
iphqRPaaeP8,Film & Animation,FAKE
Qrywh_Nb3_c,Film & Animation,FAKE
ICQPZP8Fzs4,Travel & Events,FAKE
pkhv630k48g,People & Blogs,FAKE
VjiKCXCEZBE,People & Blogs,FAKE
Js3VtIqJGxY,People & Blogs,FAKE
xQvZ5kiqd8k,Film & Animation,FAKE
x0jZDLKBL4M,Film & Animation,FAKE
a1gYQYlWhWI,Film & Animation,FAKE
XA9Og6QNrhU,Film & Animation,FAKE
sXwToBIP6HM,Film & Animation,FAKE
t8uNjXpUeKE,Film & Animation,FAKE
JIdk1-eOF-s,People & Blogs,FAKE
mgCq9aqjZMw,People & Blogs,FAKE
UaFw0Kq0hCI,Entertainment,FAKE
UceGYR1TBiY,People & Blogs,FAKE
5F_oKY0vXCM,Entertainment,FAKE
S1rHZOCxhOs,Education,FAKE
D3J7R6WBJJc,Science & Technology,FAKE
8HcYA6KKkTc,People & Blogs,FAKE
TTI65Dg5K94,People & Blogs,FAKE
XXN2-vL_IC8,Entertainment,FAKE
1gi3wEytuIc,Entertainment,FAKE
e61F1HeqyWc,Gaming,FAKE
sl4pRWSmddM,People & Blogs,FAKE
MxowvBVYA_g,People & Blogs,FAKE
FQSn78EKtqk,People & Blogs,FAKE
LvKiZEDdU94,Film & Animation,FAKE
zhfJrvI3x-A,People & Blogs,FAKE
NRn_cqc74uo,People & Blogs,FAKE
D0DqM8M-jJ4,People & Blogs,FAKE
NTIoIeZ4KYA,People & Blogs,FAKE
weGzaqiprh4,Entertainment,FAKE
CV2J2anWWEg,News & Politics,FAKE
K-fmtLxbGqA,People & Blogs,FAKE
eLMpb1znrD8,Entertainment,FAKE
TbWD9Px5Fg8,People & Blogs,FAKE
xPDy3UYjU8Q,News & Politics,FAKE
iLj1Wr8hLEQ,Comedy,FAKE
Q_n7MICf15I,Education,FAKE
GOlad3Vp3ks,News & Politics,FAKE
adUMwFNHzyk,Comedy,FAKE
zTJp04eDP2Q,Entertainment,FAKE
tYCKzUWdPCg,People & Blogs,FAKE
XNx_XpbZ69M,Film & Animation,FAKE
frOMeWe8ui8,News & Politics,FAKE
yLjGuZ8k5OM,Entertainment,FAKE
zDQ_bfjIhAw,People & Blogs,FAKE
fNFLpf9E6Eo,News & Politics,FAKE
DXzLELpW3R8,News & Politics,FAKE
U_QiXAX9EZM,People & Blogs,FAKE
qntCA1yP2iE,People & Blogs,FAKE
fXY_MCunzK8,People & Blogs,FAKE
N05fNBOd7oU,Entertainment,FAKE
dA2TAuhMncc,News & Politics,FAKE
Wdo-ydQCQ8Q,Comedy,FAKE
jnTnlrmRVds,News & Politics,FAKE
1QELOX5QPIU,News & Politics,FAKE
tF49w-9IaSk,Entertainment,FAKE
VXSEqHP2AuI,Entertainment,FAKE
4gS0dWV0VTA,Entertainment,FAKE
k64lcZoVbhY,Comedy,FAKE
mjL9AWNe9Vw,Comedy,FAKE
rUUlySLolEA,Comedy,FAKE
05IQ1m3lQaE,Autos & Vehicles,FAKE
AOAmShCeXm8,People & Blogs,FAKE
Y03Rii82-6c,People & Blogs,FAKE
25xMDiuEoYQ,Entertainment,FAKE
j33OTOB2M84,Entertainment,FAKE
9jg9DFtkk3M,People & Blogs,FAKE
xFSjt3CNlyE,People & Blogs,FAKE
1IMbEUUKkX8,People & Blogs,FAKE
VG00-3JhG0Y,Entertainment,FAKE
LodNwDNPjAY,People & Blogs,FAKE
fP1HdmrM2-0,People & Blogs,FAKE
agtu_3ff5A0,People & Blogs,FAKE
Q_Fsfy23hIE,People & Blogs,FAKE
ZhL3R-83U0g,People & Blogs,FAKE
BH3t8GSR9OE,People & Blogs,FAKE
Zl6G9ZkT-7Y,People & Blogs,FAKE
8rbz0_rMHsM,Howto & Style,FAKE
IDncU3huuWk,People & Blogs,FAKE
GujbvON4Yr0,People & Blogs,FAKE
8UVOvfUpbWc,Entertainment,FAKE
YMGawrkJU20,Autos & Vehicles,FAKE
gAqHkwta8pI,People & Blogs,FAKE
6nwx2fCPEVU,People & Blogs,FAKE
m6GbH_oFckE,Film & Animation,FAKE
TZSMOwEQ7g8,People & Blogs,FAKE
tiR_1p2S6no,Film & Animation,FAKE
hFL5Xj98Khs,People & Blogs,FAKE
9QIF3kQLw38,News & Politics,FAKE
cawPqvuoJsw,People & Blogs,FAKE
7mzM3kjOQWE,Education,FAKE
KO1ZyLljlls,People & Blogs,FAKE
PvCkV2wdxLo,People & Blogs,FAKE
lPGaoJlno_k,Travel & Events,FAKE
hPkXn-Nqy3E,Travel & Events,FAKE
rm9sMXsIOLI,People & Blogs,FAKE
du_FPajW548,People & Blogs,FAKE
1pPrrWiPSvQ,People & Blogs,FAKE
DVyERAxoxaA,People & Blogs,FAKE
SIoO2HDfcXg,News & Politics,FAKE
8mHHRC2InUs,News & Politics,FAKE
FRinDWwtis4,People & Blogs,FAKE
Wh-eatg4yA8,People & Blogs,FAKE
AWUNSAlPbVQ,People & Blogs,FAKE
iNobw47EFes,News & Politics,FAKE
XntP2tzW_Ng,Science & Technology,FAKE
6Se2vZ5hRGw,People & Blogs,FAKE
DK8L4ICU57c,News & Politics,FAKE
VhbAiJjm5Bs,People & Blogs,FAKE
i-xd4v09KI4,News & Politics,FAKE
tLX4JDWP0cc,Entertainment,FAKE
BOKYoPxKLmE,Entertainment,FAKE
2cIvKTQ9FJM,Entertainment,FAKE
PwpKdkhUajs,Entertainment,FAKE
doUcWA1a9I8,News & Politics,FAKE
JYOaPvZ5ur0,Entertainment,FAKE
Wcu8FZMVdQw,Film & Animation,FAKE
WrJSpnbu6Vg,Entertainment,FAKE
w335mWNSt04,People & Blogs,FAKE
RIQCIVmp_qI,People & Blogs,FAKE
3oQq41b_2Ow,People & Blogs,FAKE
VLieg7m0rVU,People & Blogs,FAKE
zVUsAmo_BxQ,People & Blogs,FAKE
7_-V8NmEeAI,People & Blogs,FAKE
R65syXH12Ug,People & Blogs,FAKE
SMApZfIqPlE,News & Politics,FAKE
NlNBG96_5lY,Sports,FAKE
uhY6wyM28ss,News & Politics,FAKE
qmCAoLDjUTE,Entertainment,FAKE
uPLDMNdgeKI,Autos & Vehicles,FAKE
ue9t0d3Gmok,People & Blogs,FAKE
jJKmZNQ4fbk,Entertainment,FAKE
4Z0SrobSp5Q,Entertainment,FAKE
H0LYqu8Y6G0,Entertainment,FAKE
qLJ_-KMY0Y8,People & Blogs,FAKE
PsKwaJLxprY,Film & Animation,FAKE
luV6vY559wE,People & Blogs,FAKE
qRCIVkl3pSQ,Howto & Style,FAKE
H27kqGmGsyI,Howto & Style,FAKE
hxq0EQxwmVI,Education,FAKE
37f-h_yCXAo,Howto & Style,FAKE
lzEf1mU5jVI,Entertainment,FAKE
eQrd3utAp4Y,People & Blogs,FAKE
cTZvqKpwE1Q,People & Blogs,FAKE
YJkAHYIag5w,Film & Animation,FAKE
gW382gmb-YM,Film & Animation,FAKE
uJ4cQl1yI2M,Film & Animation,FAKE
fOcXhu06XFI,People & Blogs,FAKE
1SIx34eFRew,Comedy,FAKE
Zxld4SpnEqc,Entertainment,FAKE
4OBDHPOD2jk,Entertainment,FAKE
u03ODf1a5wI,People & Blogs,FAKE
LBb4Sc8G0t0,People & Blogs,FAKE
xlcyspBjI0E,Film & Animation,FAKE
_a9qk8HXHBs,People & Blogs,FAKE
JEG0QmRSuQo,People & Blogs,FAKE
w172-SL_dEw,People & Blogs,FAKE
ZmpJU0n08NI,People & Blogs,FAKE
yS7B9EEuuTA,Travel & Events,FAKE
dA4uSwBxgg8,People & Blogs,FAKE
I_R53WyDLxU,Film & Animation,FAKE
caKcLJ7bwFA,Pets & Animals,FAKE
y7iASNytQRg,Entertainment,FAKE
VOD8qzEO7hw,Entertainment,FAKE
GQ9NeL4JbJw,People & Blogs,FAKE
2ExPF6GpXvc,People & Blogs,FAKE
2UD6aYIB62w,Entertainment,FAKE
jWed7vOK96s,Music,FAKE
UHlIQ16zplA,Film & Animation,FAKE
cg9_h6sEU4Y,People & Blogs,FAKE
zf5L3xSpovw,News & Politics,FAKE
gXqoCzmHnj0,People & Blogs,FAKE
FAHmpcFmiWE,Education,FAKE
niMz9eZcoBU,News & Politics,FAKE
01XHEjCNHoY,People & Blogs,FAKE
ZVhs05Rvwlw,Entertainment,FAKE
ua0Zihut9go,Sports,FAKE
vtcL2geT2TM,News & Politics,FAKE
GG825BqUT-c,Entertainment,FAKE
RVsoBScd3I4,Entertainment,FAKE
Y49fpQrRYmw,Entertainment,FAKE
N1wZMfrGAJ4,Entertainment,FAKE
7dUEP28rWl4,People & Blogs,FAKE
eodmbUV2Ex8,Entertainment,FAKE
BuNQB8Nr1Bs,News & Politics,FAKE
vygoiALuEdM,Music,FAKE
Pjnx1E8JUvs,People & Blogs,FAKE
WTL7PUXMf0w,People & Blogs,FAKE
Wc9NcXSBt94,People & Blogs,FAKE
j5qnSUmyzqw,Entertainment,FAKE
ArcJqcYAeeA,Entertainment,FAKE
w4xt7YToCwA,Entertainment,FAKE
NkLBAGeAhR4,Entertainment,FAKE
WhDkx8m2ahE,Entertainment,FAKE
JbAkGujjsfM,Entertainment,FAKE
eynQ0t4GcQE,Entertainment,FAKE
AFZSBGJkHco,Entertainment,FAKE
QJMF6rLwWmU,Entertainment,FAKE
X1ReSqFcTfA,Entertainment,FAKE
c-7kL_b4NH0,News & Politics,FAKE
GbrLeWIFzJA,Entertainment,FAKE
Lqem5Xk7sug,Entertainment,FAKE
fuEbNx24Fa8,Entertainment,FAKE
AkUzE4bQxt8,Entertainment,FAKE
KK2V_xkBhiI,Entertainment,FAKE
XCzA5ldzaD8,Entertainment,FAKE
QQFyqXB8jLs,Film & Animation,FAKE
PNEGQKOpArY,Entertainment,FAKE
HBxMTPYpdDY,Entertainment,FAKE
u4vQcB5qHmo,Entertainment,FAKE
ebWXy2oepyw,Entertainment,FAKE
M5Sh6zIQFBo,Entertainment,FAKE
fbNpoQr3Ldw,Entertainment,FAKE
ffWSFo3DlMM,Entertainment,FAKE
qAmIa_QGCcw,Entertainment,FAKE
VrHnyq8y02c,Entertainment,FAKE
vyZMWgLJ6mY,Entertainment,FAKE
xnXPaaI0r-A,Entertainment,FAKE
gJ3efYCfgYA,Entertainment,FAKE
qh5yQKXIVgU,Entertainment,FAKE
47hsmkcEd14,Entertainment,FAKE
vUG1nuG8jAc,Entertainment,FAKE
rhZYowOhPvA,Entertainment,FAKE
prALX3c4CiY,Entertainment,FAKE
qybdgeOw2zU,Entertainment,FAKE
CRCSmxtUJ5Y,Entertainment,FAKE
BwkfXM5s7b0,Entertainment,FAKE
qYKDvbsqIsk,Entertainment,FAKE
O38o5NPD2As,Entertainment,FAKE
wXd4HujoM0I,Entertainment,FAKE
zSPjVIsX12E,Entertainment,FAKE
TIIq-10D8k8,Entertainment,FAKE
sbimqjC5sFY,Entertainment,FAKE
hNJEwmvj13w,Entertainment,FAKE
mOdhi802EKc,Entertainment,FAKE
Vy_61FdQ7kE,Entertainment,FAKE
MW_H2D2K3QE,Entertainment,FAKE
OUX-5I_Dpxs,Entertainment,FAKE
pbPbuiAxb5k,Entertainment,FAKE
utidTWP1fGM,Entertainment,FAKE
9tDVXpt_Bug,Entertainment,FAKE
XosoQ3-WjiA,Entertainment,FAKE
WVa3j0rUCLY,Entertainment,FAKE
p3YO_IkgXBo,Entertainment,FAKE
51KDcEavYIw,Entertainment,FAKE
YBqxtgrtCvQ,Entertainment,FAKE
I6AMCmHR4Vs,Entertainment,FAKE
e5qTrCQjX9k,Entertainment,FAKE
jJgR5FFQsig,Entertainment,FAKE
0a-ATlYn73M,Entertainment,FAKE
Q-dynUJsLd4,Entertainment,FAKE
kfDDz7Ge_go,Entertainment,FAKE
25Iz0dKnzdY,Entertainment,FAKE
OosespP1KbM,Entertainment,FAKE
MObymE2yryY,Entertainment,FAKE
jqgJSrTz8NE,Entertainment,FAKE
RiXxo2NtVuQ,Entertainment,FAKE
8037gGlEgRc,Entertainment,FAKE
QEMbck5x3As,Entertainment,FAKE
83e7fjTm_HQ,Entertainment,FAKE
U01ykwzeskg,Entertainment,FAKE
cTQPp_liiZ4,Entertainment,FAKE
3QW5MIilxj8,Entertainment,FAKE
uCBEE5TKNQo,Entertainment,FAKE
L-P9j7ytEi4,Entertainment,FAKE
OW0jSlnNDyY,Entertainment,FAKE
ZqXPQ8YHQ_k,Entertainment,FAKE
7kq4qkeVybo,Entertainment,FAKE
RPnhNhlB-QQ,Entertainment,FAKE
cU-rK6GITEk,Entertainment,FAKE
o_OFbGSdLHI,Entertainment,FAKE
y5RkYqydf1U,Entertainment,FAKE
R-q5Y4BCjd4,Entertainment,FAKE
sgYiaa-j38k,Entertainment,FAKE
wqARS0SWbWw,News & Politics,FAKE
IfP8oXl_AQA,People & Blogs,FAKE
OOCsv2EWFzM,News & Politics,FAKE
q1sPwg9ksXw,Entertainment,FAKE
kI8sBWcru2k,Entertainment,FAKE
VjIU2aoqILM,People & Blogs,FAKE
Wb1uq3b0jlw,People & Blogs,FAKE
JlV8zvDd8YQ,Entertainment,FAKE
SL5mqcIkcT0,People & Blogs,FAKE
0KZUexGaY1s,People & Blogs,FAKE
UZIb09y4TTc,Music,FAKE
G578OwcjMP0,People & Blogs,FAKE
thK4-tHREDQ,Entertainment,FAKE
1zpP-91LuV8,People & Blogs,FAKE
a3llph8VG4A,Entertainment,FAKE
g3GFXTNGZ84,People & Blogs,FAKE
SUF2a_q0YuY,Entertainment,FAKE
dQXJFvOb-Us,People & Blogs,FAKE
ZKtujrnbzzM,Comedy,FAKE
sIIbr1h_G2w,Autos & Vehicles,FAKE
n9YCpvOkHLo,Entertainment,FAKE
BQ9Tvx8OcqE,Film & Animation,FAKE
b-n1U8PQQtY,People & Blogs,FAKE
LczRoCES9zs,Music,FAKE
84jObNrf4u0,Comedy,FAKE
HdKrIXtUpbk,People & Blogs,FAKE
Ib9zYmDWfA0,People & Blogs,FAKE
4BMztbCtQ7Q,People & Blogs,FAKE
geKnd2tTxfQ,People & Blogs,FAKE
yoB04icvXBk,People & Blogs,FAKE
FWT0wEBlPTk,Film & Animation,FAKE
HL4npsDdv7k,Music,FAKE
rY4ukR5wd0g,Gaming,FAKE
c02cq5D7Y8s,People & Blogs,FAKE
L9GtTFjIUnk,People & Blogs,FAKE
mMna3rgBll0,People & Blogs,FAKE
MelBuw9XpJg,People & Blogs,FAKE
qVdYIS7qJt4,People & Blogs,FAKE
T6SkVYFk41I,Film & Animation,FAKE
Fg4z2-35niQ,Autos & Vehicles,FAKE
aGYpOrvybhY,Gaming,FAKE
xpSDyUCSWpQ,People & Blogs,FAKE
TYsgJdjqt2M,People & Blogs,FAKE
Tg8qHwiJAiE,People & Blogs,FAKE
l1_h6RjAPd8,Film & Animation,FAKE
PxLrqtIOeHA,Comedy,FAKE
6JEEIxzZSB4,People & Blogs,FAKE
9JZ1nVH-dzg,Entertainment,FAKE
0ecKlu5-LL8,People & Blogs,FAKE
Cv3bsjwpnCo,Film & Animation,FAKE
-4IziGIuCM4,Entertainment,FAKE
TlJqfst70NA,Entertainment,FAKE
h0l81nJh4As,Entertainment,FAKE
w9ns9CKkrUc,Film & Animation,FAKE
5T6fkBebDo4,People & Blogs,FAKE
qTy1gms77fU,Entertainment,FAKE
J_HwIoSXB_A,People & Blogs,FAKE
ofE_IZTBHyQ,Gaming,FAKE
A3Z3gCNoDBA,Entertainment,FAKE
eJVoEIXl4TI,Comedy,FAKE
ZYyHyvuFOPw,People & Blogs,FAKE
lipmDZGptLA,Comedy,FAKE
WEWIFo-GR8Y,Entertainment,FAKE
9ws1_0bei2w,Education,FAKE
uzQ4KpOtfVs,Entertainment,FAKE
kl2vvpzDIMk,Entertainment,FAKE
cxy2kfG3TdM,People & Blogs,FAKE
aEvrOb4YZ1E,Entertainment,FAKE
QOoxiomVAYk,Gaming,FAKE
xsYsLZuQvd8,Music,FAKE
iFfPp638NbQ,People & Blogs,FAKE
cPwGZeFAx3A,Gaming,FAKE
LwardhpnBZs,Gaming,FAKE
es-MhYcJFAU,People & Blogs,FAKE
ZwfqVdOrscc,People & Blogs,FAKE
rMNGXyUZlhc,People & Blogs,FAKE
wiMo2g7fHIQ,Gaming,FAKE
_4qXtliPKjA,Entertainment,FAKE
_Z0nxbNSqOI,People & Blogs,FAKE
8twGaznHQb8,People & Blogs,FAKE
wI4T9uGC8BM,Film & Animation,FAKE
2KZOrFLNpvQ,People & Blogs,FAKE
swrqON3AsLI,Entertainment,FAKE
mIatuMn5c8k,Entertainment,FAKE
f3koyaXloEY,Entertainment,FAKE
KSIiqSFZjC4,Entertainment,FAKE
xu08NM5kDwE,Entertainment,FAKE
NgQBGQ31_Ss,Entertainment,FAKE
Siluq9Lnua8,Entertainment,FAKE
jp42u8P6Smc,Entertainment,FAKE
EgxtH8DspRI,Entertainment,FAKE
ANvotxKfP8o,Entertainment,FAKE
shO6qUrrv10,Entertainment,FAKE
nYARrvd6ZfY,Entertainment,FAKE
OJMJ11X4nRA,Entertainment,FAKE
972ga_A3gP0,Entertainment,FAKE
6SOlMtSsLpw,Entertainment,FAKE
qjBQhJutlC0,Entertainment,FAKE
G7ec9xGxzC4,Entertainment,FAKE
Tg_bLekay9M,Entertainment,FAKE
SOuHJ5FyghY,Entertainment,FAKE
KucAli7QyB4,Entertainment,FAKE
2dH7i38EKNs,Entertainment,FAKE
sgYiaa-j38k,Entertainment,FAKE
9s5VTakYDbo,Entertainment,FAKE
y8K3XpghxLk,Entertainment,FAKE
L0FkoBa4qhM,Entertainment,FAKE
f4iEZo_SX3M,Entertainment,FAKE
oOomg7XbHk4,Entertainment,FAKE
DSwwkK5eh1I,Entertainment,FAKE
Ah5VuVY9eFc,Entertainment,FAKE
aPCFk9JYElw,Entertainment,FAKE
LNaX7r5Fd8A,Entertainment,FAKE
siqCPv_rBcE,Entertainment,FAKE
k0irdq6M_vA,Entertainment,FAKE
OIZ4F4RGWJ8,Entertainment,FAKE
EcTIXA63Wr0,Entertainment,FAKE
ULKPe6-QowA,Entertainment,FAKE
TsVMBPKK1us,Entertainment,FAKE
9wxo8nuwqjY,Entertainment,FAKE
Mhabfe5ZFY0,Entertainment,FAKE
hwr9alkftNo,Entertainment,FAKE
6HGRpsWA9uY,Entertainment,FAKE
Xc6llRQYryc,Entertainment,FAKE
xvbuRnF7H-0,Entertainment,FAKE
W10QYYZbEqM,Entertainment,FAKE
vILp63z2Sis,Entertainment,FAKE
XvidC8dAWrg,Entertainment,FAKE
EUhGNWXYvIs,Entertainment,FAKE
0r2mHEnA-l8,Entertainment,FAKE
5it7lHP3-og,Entertainment,FAKE
xxS0KLO7g4k,Entertainment,FAKE
p1aEdLqOla8,Entertainment,FAKE
uQBy1xHS5_0,Entertainment,FAKE
l-sTKYvBPVo,Entertainment,FAKE
BWrZ9pLPzMA,Entertainment,FAKE
uYLkl9WlDmE,Entertainment,FAKE
eXsZr8ziU8M,Entertainment,FAKE
E_xwlM3KPj4,Entertainment,FAKE
mVvdQRQW0I4,Entertainment,FAKE
QqBj0KLheao,Entertainment,FAKE
IFHL6iwfyoI,Entertainment,FAKE
fEKI65JlCdw,Entertainment,FAKE
MOlVHd3gpGU,Entertainment,FAKE
RAMam-sguIE,Entertainment,FAKE
STL-ueSScRI,Entertainment,FAKE
zh9MdHQFWVA,Entertainment,FAKE
bJ-1QOOett0,Entertainment,FAKE
oBLHhSqte1k,Entertainment,FAKE
DEXg2rZSBa8,Entertainment,FAKE
lBVZS-I75jw,Entertainment,FAKE
6pv6qN0Or68,Entertainment,FAKE
XxmsN5btb3Y,Entertainment,FAKE
ybYMzsPSJxo,Entertainment,FAKE
d-O2U4HpFWU,Entertainment,FAKE
9CVkcdNHo9c,Entertainment,FAKE
YTwJtXWcmfE,Entertainment,FAKE
_qzEaZAsMbU,Entertainment,FAKE
hwJt96Q6XMQ,Entertainment,FAKE
GT-eqNz4IpE,Entertainment,FAKE
fwQypeT0nq8,Entertainment,FAKE
t6PwoqHjT28,Entertainment,FAKE
5Goy1SVas28,Entertainment,FAKE
q2AVOHNwXec,Entertainment,FAKE
pRd2RrmUgRE,Entertainment,FAKE
fKnMfPpyJ8A,Entertainment,FAKE
PukQBAaGxD8,Entertainment,FAKE
NdOtFE2sSHg,Entertainment,FAKE
LMUDnHtpPTE,Entertainment,FAKE
bf7BpiHz6xQ,Entertainment,FAKE
4U5KEwx99Lc,Entertainment,FAKE
FJ6h02YaJRo,Entertainment,FAKE
YslaS7Q1GeY,Entertainment,FAKE
VEliQeXvs0c,Entertainment,FAKE
LV0zSnYxtPE,Entertainment,FAKE
6GB2_r02tio,Entertainment,FAKE
Bn1cd79Bqlk,Entertainment,FAKE
6GFSWnz9XjU,Entertainment,FAKE
LYqwC4oM3N4,Entertainment,FAKE
NgrICJelIYM,Entertainment,FAKE
oEe0pGwr75M,Entertainment,FAKE
TTYOpfGvlwc,Nonprofits & Activism,ORIGINAL
MY5SatbZMAo,Nonprofits & Activism,ORIGINAL
RcGyVTAoXEU,People & Blogs,ORIGINAL
6Af6b_wyiwI,News & Politics,ORIGINAL
t9fP_b8Ebow,Nonprofits & Activism,ORIGINAL
le6eNngljto,Nonprofits & Activism,ORIGINAL
rmeGVhhbGrM,Nonprofits & Activism,ORIGINAL
iG9CE55wbtY,Education,ORIGINAL
UyyjU8fzEYU,Science & Technology,ORIGINAL
K50K3Cy9fco,Comedy,ORIGINAL
8sz8aeUT0RI,Comedy,ORIGINAL
n_60mI1YEyc,Comedy,ORIGINAL
fJOlqAwdqoQ,Comedy,ORIGINAL
h5VdDRTsc0A,Comedy,ORIGINAL
yW0h8JRcZTY,Comedy,ORIGINAL
Him-JHA-sfo,Comedy,ORIGINAL
P7_XgHhpBXY,Comedy,ORIGINAL
PH7vQyVp3fM,Comedy,ORIGINAL
UZ4qQCgsvqI,Comedy,ORIGINAL
JlCBt9tYNtA,Comedy,ORIGINAL
O8FJSjy3bXA,Science & Technology,ORIGINAL
PTpoj4f25dk,Science & Technology,ORIGINAL
hiiVniW6l7E,Science & Technology,ORIGINAL
WPsvw_Db-y4,Science & Technology,ORIGINAL
ZdC9soHxVC8,Science & Technology,ORIGINAL
zHAB4qDsgKY,Science & Technology,ORIGINAL
4OnwUz-I2GI,Science & Technology,ORIGINAL
DOPswcaSsu8,Science & Technology,ORIGINAL
OX1xG0a4TVo,Science & Technology,ORIGINAL
oTZ84U-K_5k,Science & Technology,ORIGINAL
UCv7qwuLpHs,Science & Technology,ORIGINAL
cG8PXdTlDag,Science & Technology,ORIGINAL
MrUhzYdcX6w,Science & Technology,ORIGINAL
sKJ4i7p-o-4,Science & Technology,ORIGINAL
OoY7zp8GkLI,Science & Technology,ORIGINAL
DyX-QZZBgpw,Science & Technology,ORIGINAL
UVpJouUyLBM,Science & Technology,ORIGINAL
_CTUs_2hq6Y,Science & Technology,ORIGINAL
0T0rop9pE58,Science & Technology,ORIGINAL
lj7kFBz-jw4,Science & Technology,ORIGINAL
ROkXM3csNWY,Science & Technology,ORIGINAL
O2iorLuSjOg,Science & Technology,ORIGINAL
Wf1lQdupvPE,Science & Technology,ORIGINAL
qZGpmWrVSaU,Science & Technology,ORIGINAL
vtqtyyGZvXM,Science & Technology,ORIGINAL
x4yF3a3Zn4Y,Science & Technology,ORIGINAL
OQri1NdscR4,Science & Technology,ORIGINAL
4mxXdCUXSSs,Science & Technology,ORIGINAL
P5dxd-ocaE8,Science & Technology,ORIGINAL
N1e_voQvHYk,Science & Technology,ORIGINAL
LRh_iVXulXk,Science & Technology,ORIGINAL
ihEhAbVRC78,Science & Technology,ORIGINAL
GRSfvePdhPA,Science & Technology,ORIGINAL
MevKTPN4ozw,Science & Technology,ORIGINAL
0PrUr3bQdwM,Science & Technology,ORIGINAL
UIwdCN4dV6w,Science & Technology,ORIGINAL
Lxet1zLBTM8,Science & Technology,ORIGINAL
r7ygnDKpFRE,Science & Technology,ORIGINAL
DFKFnkP_sLQ,Science & Technology,ORIGINAL
m7plA1ALkQw,Science & Technology,ORIGINAL
1sgeM6DsV40,Science & Technology,ORIGINAL
iBj_4jWAcFM,Science & Technology,ORIGINAL
dDocQ6Qba8g,Science & Technology,ORIGINAL
aSzwRGdPyyE,Science & Technology,ORIGINAL
GxTYR6LXmAw,Science & Technology,ORIGINAL
8RmvFk2mp2g,Science & Technology,ORIGINAL
JjcrsTEMt-s,Science & Technology,ORIGINAL
jpG0j8T70dQ,Science & Technology,ORIGINAL
ErQQc6cUSTA,Science & Technology,ORIGINAL
LvttOM9-dqA,Science & Technology,ORIGINAL
TtpIzMhNtDE,Science & Technology,ORIGINAL
VSqkL31w69k,Science & Technology,ORIGINAL
26dQ2JUeTgk,Science & Technology,ORIGINAL
NiWqsZesm_E,Science & Technology,ORIGINAL
gZUSFda_W7k,Science & Technology,ORIGINAL
7YKjLzlc-hY,Science & Technology,ORIGINAL
tfUbcks-87M,Science & Technology,ORIGINAL
62EB4JniuTc,Entertainment,ORIGINAL
ybji16u608U,Entertainment,ORIGINAL
Tqsz6fjvhZM,Comedy,ORIGINAL
z12bz7adLKI,Comedy,ORIGINAL
wQA68Oqr1qE,Comedy,ORIGINAL
c7QYEedjb_o,Comedy,ORIGINAL
mPCDQ34S8Rs,Comedy,ORIGINAL
3wG7K3jV1To,Comedy,ORIGINAL
sIl8vsWrD8o,Comedy,ORIGINAL
DwxzK8ipVkg,Entertainment,ORIGINAL
6ZfuNTqbHE8,Entertainment,ORIGINAL
0LHxvxdRnYc,Entertainment,ORIGINAL
TcMBFSGVi1c,Entertainment,ORIGINAL
jLMBLuGJTsA,Entertainment,ORIGINAL
ue80QwXMRHg,Entertainment,ORIGINAL
HSzx-zryEgM,Entertainment,ORIGINAL
Z1BCujX3pw8,Entertainment,ORIGINAL
xjDjIWPwcPU,Entertainment,ORIGINAL
QwievZ1Tx-8,Entertainment,ORIGINAL
sfM7_JLk-84,Entertainment,ORIGINAL
UGDYmxwn6i4,Entertainment,ORIGINAL
WS54qL3GeaI,Gaming,ORIGINAL
kzMyW9TCXp0,Entertainment,ORIGINAL
Lq8QxKnN_5I,Entertainment,ORIGINAL
VgvvfSvg2bQ,Entertainment,ORIGINAL
HcOw8mxVdvQ,Entertainment,ORIGINAL
diT6jc9flkc,Entertainment,ORIGINAL
M6nnYaUjeqw,Entertainment,ORIGINAL
q6-Upc54lg8,Entertainment,ORIGINAL
os_r9wAb8Cc,Gaming,ORIGINAL
cOeLz87i0XE,Entertainment,ORIGINAL
F5QWUOAcg_Q,Entertainment,ORIGINAL
UK15xIMc1DY,Entertainment,ORIGINAL
UAlIq7BKNxg,Entertainment,ORIGINAL
cY9kbO4GY_s,Entertainment,ORIGINAL
HLZA-s_W0Ak,Gaming,ORIGINAL
uve3CQWxRq0,Gaming,ORIGINAL
Wm-HtcQ48_I,Gaming,ORIGINAL
uq6PgSa6-28,Gaming,ORIGINAL
sVo2eyjSjZ8,Entertainment,ORIGINAL
wHQKij7tATE,Gaming,ORIGINAL
YVxaK8WQhJo,Gaming,ORIGINAL
KBIq11mNB0I,Music,ORIGINAL
hJBHSmyqv0Y,Music,ORIGINAL
FW_3b5iPhIE,Music,ORIGINAL
QeLoW2ySlbc,Music,ORIGINAL
IE8OD5FbU-c,Music,ORIGINAL
W7kdKf_aqX4,Music,ORIGINAL
n5WnMJ0J6qA,Music,ORIGINAL
1bvYHkQxWmg,Music,ORIGINAL
TvngY4unjn4,Music,ORIGINAL
xohpd50Nz6k,People & Blogs,ORIGINAL
NbyHNASFi6U,Music,ORIGINAL
hjWf8A0YNSE,Music,ORIGINAL
_P3R63mmakg,Music,ORIGINAL
pnMQLrS5sTE,Music,ORIGINAL
dZ0fwJojhrs,Music,ORIGINAL
hzTg4zPBtDU,Music,ORIGINAL
FUK2kdPsBws,Entertainment,ORIGINAL
HZ7PAyCDwEg,Film & Animation,ORIGINAL
n0OFH4xpPr4,Film & Animation,ORIGINAL
yL1f8yNxGBk,Film & Animation,ORIGINAL
z3biFxZIJOQ,Film & Animation,ORIGINAL
7NiYVoqBt-8,Film & Animation,ORIGINAL
bbOalPurETg,Music,ORIGINAL
ZPSUimDt7N8,Music,ORIGINAL
oGneAab3e88,Music,ORIGINAL
l628FNRizaI,Film & Animation,ORIGINAL
zLVZxHWL0ro,Music,ORIGINAL
h6aGikIL-I4,Music,ORIGINAL
2gFcTb72OmM,Music,ORIGINAL
zaCbuB3w0kg,Music,ORIGINAL
I5cPOd9aCUc,Music,ORIGINAL
SN958msmXeI,Music,ORIGINAL
oHShOOtLUaE,Film & Animation,ORIGINAL
YoDcYxwK1VU,Entertainment,ORIGINAL
3y5A4paFOb4,Entertainment,ORIGINAL
7l0JHVhJWIs,Sports,ORIGINAL
0atug3XxODY,Sports,ORIGINAL
1HjzcYyx5uY,Sports,ORIGINAL
Xz3GcQu4tic,Sports,ORIGINAL
v8riBQF3SEs,Sports,ORIGINAL
0EGhtia_Pmk,Sports,ORIGINAL
6qZZWAScCn8,Film & Animation,ORIGINAL
J-zn8PdvZOU,Comedy,ORIGINAL
hSYPO2LSWxw,Comedy,ORIGINAL
K5A1RezhxMU,Comedy,ORIGINAL
WsqnZvsBTQ0,Comedy,ORIGINAL
IWa8XnmKzA0,Comedy,ORIGINAL
M0ImB9fImtc,Comedy,ORIGINAL
ARWbsGi-dWU,Comedy,ORIGINAL
I297fWlMDx0,Comedy,ORIGINAL
YUEtgAPNV0w,Comedy,ORIGINAL
OCeqeJi_jYI,Comedy,ORIGINAL
d72vXhJDE6M,Comedy,ORIGINAL
iGBnjKnU4pU,Comedy,ORIGINAL
JznTUVongfk,Comedy,ORIGINAL
KEHV90TfFm8,Comedy,ORIGINAL
rEhiYpkLrvA,Comedy,ORIGINAL
yGxKV3a-giQ,Comedy,ORIGINAL
Lqj3PhXBEnk,Comedy,ORIGINAL
WDiK14qI3pQ,Comedy,ORIGINAL
bYSRPuDEnTg,Comedy,ORIGINAL
N1Bsvxje-Dg,Comedy,ORIGINAL
3WXHc9HbEH8,Comedy,ORIGINAL
scR-7z8diUU,Comedy,ORIGINAL
VjgmMO5t9y0,Comedy,ORIGINAL
PqlkD2LK1-k,Comedy,ORIGINAL
-9tEqVg1PYQ,Comedy,ORIGINAL
kffacxfA7G4,Music,ORIGINAL
Mrmv1gCEMRk,Music,ORIGINAL
pRpeEdMmmQ0,Music,ORIGINAL
JGwWNGJdvx8,Music,ORIGINAL
ALZHF5UqnU4,Music,ORIGINAL
60ItHLz5WEA,Music,ORIGINAL
RgKAFK5djSk,Music,ORIGINAL
8EJ3zbKTWQ8,Music,ORIGINAL
fRh_vgS2dFE,Music,ORIGINAL
DK_0jXPuIr0,Music,ORIGINAL
weeI1G46q0o,Music,ORIGINAL
4GuqB1BQVr4,Music,ORIGINAL
euCqAq6BRa4,Music,ORIGINAL
TYVvtWLk8xw,Music,ORIGINAL
egVAW6l_QU8,Music,ORIGINAL
Il-an3K9pjg,Music,ORIGINAL
pRfmrE0ToTo,Music,ORIGINAL
qqob4D3BoZc,Music,ORIGINAL
X-x7eZOdBFM,Music,ORIGINAL
r3RXHOTMmLw,Music,ORIGINAL
u3ePPA0yzSU,Music,ORIGINAL
1tvLIhEaEKo,Music,ORIGINAL
kHue-HaXXzg,Music,ORIGINAL
AByfaYcOm4A,Music,ORIGINAL
1zfzka5VwRc,Music,ORIGINAL
il9nqWw9W3Y,Music,ORIGINAL
cwLRQn61oUY,Music,ORIGINAL
r_8ydghbGSg,Music,ORIGINAL
v9uDwppN5-w,Music,ORIGINAL
OJGUbwVMBeA,Music,ORIGINAL
WDAd0S92Uko,Music,ORIGINAL
z3zdIHDTbg0,Music,ORIGINAL
SM1w9PEQOE8,Music,ORIGINAL
4rp2aLQl7vg,Sports,ORIGINAL
Vw34wMAqWzc,Sports,ORIGINAL
6C6oOcDFmLY,Sports,ORIGINAL
GrsEAvRerTg,Sports,ORIGINAL
OKjV2SQfKrw,Sports,ORIGINAL
auqyXFLZ_zw,Sports,ORIGINAL
fJeJuc27ggE,Sports,ORIGINAL
c0cUE-ePDEc,Sports,ORIGINAL
t8IK0ZqfxNI,Sports,ORIGINAL
ntQsMSuEbyg,Sports,ORIGINAL
3dWrKNrWbWQ,Sports,ORIGINAL
Kwu1yIC-ssg,Sports,ORIGINAL
MZbvx1wUMXc,Sports,ORIGINAL
HNXhdo5j914,Sports,ORIGINAL
6oQL_zspkVE,Sports,ORIGINAL
ae47U9ZiaYw,Science & Technology,ORIGINAL
bkho0RB0zz0,Autos & Vehicles,ORIGINAL
vz2rAgXjkCA,Autos & Vehicles,ORIGINAL
6Viyt2aIOG8,Autos & Vehicles,ORIGINAL
zAGVQLHvwOY,Entertainment,ORIGINAL
zqUopiAYdRg,Entertainment,ORIGINAL
xhJ5P7Up3jA,Entertainment,ORIGINAL
u7gIT3OfXRk,Entertainment,ORIGINAL
t433PEQGErc,Entertainment,ORIGINAL
Skpu5HaVkOc,Film & Animation,ORIGINAL
AHOxlNZd3mM,Film & Animation,ORIGINAL
cgvLvRWMMfc,Film & Animation,ORIGINAL
LM5uS5UxOBI,Film & Animation,ORIGINAL
09I6onjgNMc,Film & Animation,ORIGINAL
Y5zX9imKSck,Film & Animation,ORIGINAL
Fq7zjr6yAIY,Music,ORIGINAL
MaJ9A2o4h98,People & Blogs,ORIGINAL
UO4d8F1kuuc,Entertainment,ORIGINAL
FjoNDEgjErk,Entertainment,ORIGINAL
LLuLYBmUyW8,Entertainment,ORIGINAL
x2JzKy5c6PY,Entertainment,ORIGINAL
Lo-8FwfLWiU,Education,ORIGINAL
NGeFA2fWzX8,Film & Animation,ORIGINAL
MIo0u_ImfHs,People & Blogs,ORIGINAL
dapP5W153YE,Film & Animation,ORIGINAL
RDxQPRnIMdA,Film & Animation,ORIGINAL
wHfXZ9jcX3A,Film & Animation,ORIGINAL
7ARFyrM6gVs,Film & Animation,ORIGINAL
_arK4MTbcTM,Autos & Vehicles,ORIGINAL
UmmXGbFASC0,Film & Animation,ORIGINAL
hOz9L1KrJJY,Film & Animation,ORIGINAL
G76ThtqLvWk,Film & Animation,ORIGINAL
8JLUzhkAQ6o,Film & Animation,ORIGINAL
hS5Tk4Zc_Vg,Film & Animation,ORIGINAL
GV8Y2SNWxLQ,Film & Animation,ORIGINAL
6JH3dwYeT-k,People & Blogs,ORIGINAL
TmLcJ6UO5_Y,Film & Animation,ORIGINAL
ggISrFwe3KE,Film & Animation,ORIGINAL
IkQrt0P2vO8,Film & Animation,ORIGINAL
8BHpYSD87co,Film & Animation,ORIGINAL
8DP-ES54wpQ,Film & Animation,ORIGINAL
93p9VWEMfBk,People & Blogs,ORIGINAL
lS9V0oDrPfs,Film & Animation,ORIGINAL
fCd6P7Ya160,Science & Technology,ORIGINAL
aOd4-T_p5fA,Science & Technology,ORIGINAL
M9vp9lhZiqU,Entertainment,ORIGINAL
Zm3pFhdQv3g,Entertainment,ORIGINAL
_MzbLQBeR9Y,Entertainment,ORIGINAL
DcSuK7-ICGw,Entertainment,ORIGINAL
p_PJbmrX4uk,Entertainment,ORIGINAL
dEdd4qcSudI,Entertainment,ORIGINAL
BxOS_ekb2mw,Entertainment,ORIGINAL
LdOM0x0XDMo,Entertainment,ORIGINAL
QQF4Uz4CZMg,Entertainment,ORIGINAL
vQ_5BsUIxQk,Entertainment,ORIGINAL
jqp0lqrfQwQ,Entertainment,ORIGINAL
zio4wp5tFZ8,Entertainment,ORIGINAL
RXeLbs_ogDU,Entertainment,ORIGINAL
Hk3GMLrlCEo,Entertainment,ORIGINAL
xBenpJNznJA,Entertainment,ORIGINAL
_Dx9Qjod0s0,Music,ORIGINAL
baZ1cVxiNtg,Entertainment,ORIGINAL
EJe3xxkzj5Y,Entertainment,ORIGINAL
_ey_1I1aJ5w,Entertainment,ORIGINAL
S6tVYpKZ2fo,Entertainment,ORIGINAL
szvRvkQRyGg,Entertainment,ORIGINAL
b0Go-EZEc4M,Entertainment,ORIGINAL
r6k3NdKoMX8,Entertainment,ORIGINAL
nvmOhpuIhfI,Entertainment,ORIGINAL
RcOOMlJHRH0,Entertainment,ORIGINAL
Wg-ZgiQvlTY,Entertainment,ORIGINAL
Tv1Z4jvcgws,Entertainment,ORIGINAL
v9mxKGJ7Nv0,Entertainment,ORIGINAL
oBfRJplcSuk,Music,ORIGINAL
dLhKPgAotSQ,Entertainment,ORIGINAL
g0CWxEuN2VI,Entertainment,ORIGINAL
OIr31AZtVSk,Entertainment,ORIGINAL
peUY8q3GzlM,Entertainment,ORIGINAL
kk99KdrraJI,Entertainment,ORIGINAL
zsjK04TqQq0,Entertainment,ORIGINAL
lXQgSJsqLyw,Entertainment,ORIGINAL
MGeC6aZkz74,Entertainment,ORIGINAL
9sgzsesyCew,Entertainment,ORIGINAL
jKyXUJceZ6k,Entertainment,ORIGINAL
n3zHrXTVrH0,Entertainment,ORIGINAL
fMK6n3JqfMw,Entertainment,ORIGINAL
rhhWr8R88IY,Music,ORIGINAL
5DLsUabKDIU,Entertainment,ORIGINAL
X79M2qxsrig,Entertainment,ORIGINAL
e9sEYgOUeQA,Entertainment,ORIGINAL
whLwUXVZ2CY,Entertainment,ORIGINAL
Zqv5CBWt9yA,Music,ORIGINAL
g2orJgNOpnU,Entertainment,ORIGINAL
cPhQom-gLq0,Entertainment,ORIGINAL
fNTmrLZHcg8,Entertainment,ORIGINAL
T9WN2_ikz6Q,Entertainment,ORIGINAL
t-My3vpDBvA,Entertainment,ORIGINAL
FRbG0XrTNPY,Entertainment,ORIGINAL
FPm7xM849-E,Entertainment,ORIGINAL
PoJ73OXEEy0,Entertainment,ORIGINAL
mt-pg8FBBDw,Entertainment,ORIGINAL
2RPuAW7E-YQ,Music,ORIGINAL
gLVZNTtr_rI,Entertainment,ORIGINAL
64K0ZNYZBs0,Entertainment,ORIGINAL
zaNkvgcDHqE,Entertainment,ORIGINAL
OL3yCJEm4OM,Entertainment,ORIGINAL
wgMiKKcc8pE,Entertainment,ORIGINAL
gsc1ZdqXX3o,Entertainment,ORIGINAL
dFKhWe2bBkM,Entertainment,ORIGINAL
FXmeHO-OVFk,Entertainment,ORIGINAL
r5hECQ8KBRw,Entertainment,ORIGINAL
Wv-ZSnT3rjE,Entertainment,ORIGINAL
gDf86AXzAgA,Entertainment,ORIGINAL
vJVqUwc9J7g,Entertainment,ORIGINAL
jzbMxWvnlGw,Entertainment,ORIGINAL
h25S27rh4oY,Entertainment,ORIGINAL
_7-LUPHLCnU,Entertainment,ORIGINAL
4E99h4rdJJ4,Entertainment,ORIGINAL
q4WEUoz2wHc,Entertainment,ORIGINAL
F1qFB4n9K6Q,Entertainment,ORIGINAL
WO0_U8pKRtw,Entertainment,ORIGINAL
nco48PDPOqc,Entertainment,ORIGINAL
WFlL2NWLZj8,Entertainment,ORIGINAL
u8DC6yBhHUA,Entertainment,ORIGINAL
53FPC7tqbNI,Entertainment,ORIGINAL
akWm1VVff1A,Entertainment,ORIGINAL
JukZGqYx0gs,Entertainment,ORIGINAL
w86_VwPi52I,Entertainment,ORIGINAL
EntLchF82-4,Entertainment,ORIGINAL
Z_kZnIq8Tzk,Entertainment,ORIGINAL
PtmHSxPzr5Q,Entertainment,ORIGINAL
Xra3V-LLY6g,Music,ORIGINAL
xv6-WYVqmNM,Music,ORIGINAL
EBTKggc_7MI,Music,ORIGINAL
AEDdwdwg5cU,Entertainment,ORIGINAL
fcPI0Y_cuWo,Entertainment,ORIGINAL
5FvSia64Y_g,Entertainment,ORIGINAL
WWoiQ-1pZMo,Entertainment,ORIGINAL
hbcWUfF7U1Y,Entertainment,ORIGINAL
1JEibvlMAWk,Entertainment,ORIGINAL
X7v3jNmNMZ4,Entertainment,ORIGINAL
zsgdzuooLUw,Entertainment,ORIGINAL
43pniwk_r7M,Entertainment,ORIGINAL
nc26Kiq0B0g,Entertainment,ORIGINAL
bXJU7mZUud4,Entertainment,ORIGINAL
LlhgR0Y58ZI,Entertainment,ORIGINAL
w0w7PrZS40w,Entertainment,ORIGINAL
d7l56gMT7Tg,Entertainment,ORIGINAL
1UdCP-nZC1Q,Entertainment,ORIGINAL
SNlGhXV5LXw,Entertainment,ORIGINAL
_aNkMde7X8E,Entertainment,ORIGINAL
Efr9FzOWEGE,Entertainment,ORIGINAL
Edt36Y2HELY,Entertainment,ORIGINAL
TqL3M02awOw,Entertainment,ORIGINAL
FalDYC00icc,Entertainment,ORIGINAL
4Ihwd8_NT_Y,Entertainment,ORIGINAL
AKfskIGrpfk,Entertainment,ORIGINAL
FQtpL5aHdxg,Entertainment,ORIGINAL
I0lkvADG-6w,Entertainment,ORIGINAL
5m6RqeDOESo,Entertainment,ORIGINAL
S0esc-aspBk,Entertainment,ORIGINAL
j1WL3Ysi9jo,Entertainment,ORIGINAL
lqG52ck3Gdg,Entertainment,ORIGINAL
eh6dNp5mkVU,Entertainment,ORIGINAL
UGDYmxwn6i4,Entertainment,ORIGINAL
WS54qL3GeaI,Gaming,ORIGINAL
3IL87zjvEx8,Entertainment,ORIGINAL
8HHZiNdrZGA,Gaming,ORIGINAL
kzMyW9TCXp0,Entertainment,ORIGINAL
FJMQjF6I4Bw,Entertainment,ORIGINAL
8gzDFpskQbs,Gaming,ORIGINAL
0e1MbM7gQ20,Entertainment,ORIGINAL
1B1f9PGLbIs,Gaming,ORIGINAL
Lq8QxKnN_5I,Entertainment,ORIGINAL
grphMTBly7Q,Entertainment,ORIGINAL
QRgSeOifk7o,Entertainment,ORIGINAL
bMpgsD5o8bs,Entertainment,ORIGINAL
N2ntCdMggj0,Entertainment,ORIGINAL
A1iqCa0Qv1c,Entertainment,ORIGINAL
F3Xm8c1gtRA,Entertainment,ORIGINAL
VgvvfSvg2bQ,Entertainment,ORIGINAL
zudXXIMUeV4,Entertainment,ORIGINAL
Old1YzSG_S8,Entertainment,ORIGINAL
IZXgjR9INsA,Entertainment,ORIGINAL
M_rfdz7vplU,Entertainment,ORIGINAL
IxhXSY24W2k,Entertainment,ORIGINAL
h2K2-MdIva4,Entertainment,ORIGINAL
Wv1E7AmzUqI,Entertainment,ORIGINAL
pz0hWlevaJ8,Entertainment,ORIGINAL
HcOw8mxVdvQ,Entertainment,ORIGINAL
C8r3GhpWJEI,Entertainment,ORIGINAL
5WF0D4piAsA,Entertainment,ORIGINAL
4jlDCS-z7TI,Entertainment,ORIGINAL
olx4XJybNhM,Entertainment,ORIGINAL
8gvxaYH6sO0,Entertainment,ORIGINAL
ZddvddGEQg0,Entertainment,ORIGINAL
dPjJJxUTr4Y,Entertainment,ORIGINAL
xdjj5sAOfBg,Entertainment,ORIGINAL
AAODp5upEF0,Entertainment,ORIGINAL
pSi5IzMs13o,Entertainment,ORIGINAL
diT6jc9flkc,Entertainment,ORIGINAL
IcJhmhA8tHE,Entertainment,ORIGINAL
vhl9wWLv2Yo,Entertainment,ORIGINAL
J5P-7qGkomk,Gaming,ORIGINAL
9zH_4RPaCvI,Entertainment,ORIGINAL
Sk6_yurXCJg,Gaming,ORIGINAL
XEMEYM43Ihk,Entertainment,ORIGINAL
ELF-koTSnUM,Gaming,ORIGINAL
zbgxk5OvpcM,Entertainment,ORIGINAL
K2i-fPWWy4A,Entertainment,ORIGINAL
8kI-CtnWez4,Entertainment,ORIGINAL
LP0MSIfrhHg,Gaming,ORIGINAL
RoFSqtrivFs,Entertainment,ORIGINAL
1n_cPIhag28,Entertainment,ORIGINAL
M6nnYaUjeqw,Entertainment,ORIGINAL
t9-4eMdBejk,Entertainment,ORIGINAL
ZQRJGRyg3dw,Entertainment,ORIGINAL
Ss2d_kngzHo,Gaming,ORIGINAL
j091EzG2b8s,Entertainment,ORIGINAL
TeteMdY2dtw,Entertainment,ORIGINAL
q6-Upc54lg8,Entertainment,ORIGINAL
T2lYBUyslKk,Entertainment,ORIGINAL
sVo2eyjSjZ8,Entertainment,ORIGINAL
OvpG-3H8t9M,Entertainment,ORIGINAL
nPFHqWYJz-4,Entertainment,ORIGINAL
tshdPNADOm4,Entertainment,ORIGINAL
tJWChYAU5vk,Entertainment,ORIGINAL
gZyoz7cqSeo,Entertainment,ORIGINAL
eJEMzUd3Tns,Gaming,ORIGINAL
ZzjGNTd76Jg,Entertainment,ORIGINAL
yB4Q3ezW9fM,Gaming,ORIGINAL
os_r9wAb8Cc,Gaming,ORIGINAL
uiTyxzMu20s,Entertainment,ORIGINAL
zLfYD2OOtsc,Entertainment,ORIGINAL
aiU3q0ZAuBs,Entertainment,ORIGINAL
XOMWzg_NveE,Entertainment,ORIGINAL
SKMWsn_6AJQ,Entertainment,ORIGINAL
ClqRIMpClWM,Entertainment,ORIGINAL
zJkBlkrrEVw,Entertainment,ORIGINAL
icdDPuiNwGE,Entertainment,ORIGINAL
xejFV2JCmSM,Gaming,ORIGINAL
cOeLz87i0XE,Entertainment,ORIGINAL
VA6SK6gcGn8,Gaming,ORIGINAL
G5JBZk-DiQU,Gaming,ORIGINAL
Hu4Yvq-g7_Y,Nonprofits & Activism,ORIGINAL
0NV1KdWRHck,Entertainment,ORIGINAL
K1R4hHq8yr4,Film & Animation,ORIGINAL
jS5Ejx4uoK8,Film & Animation,ORIGINAL
zjMtaw2mrrc,Music,ORIGINAL
GOkJguI8kYc,Music,ORIGINAL
IVMquMDUQZY,Music,ORIGINAL
yRB0xbKDebo,Music,ORIGINAL
HoCwa6gnmM0,Music,ORIGINAL
9LtJYw1eY30,Music,ORIGINAL
a39rulFFJlM,Music,ORIGINAL
jArCbJigOTE,Music,ORIGINAL
v7K4vGYL9zI,Music,ORIGINAL
05TA9jNnCdU,Music,ORIGINAL
8LZgzAZ2lpQ,Music,ORIGINAL
yIIGQB6EMAM,Music,ORIGINAL
0VwgpYJ4q38,Music,ORIGINAL
dUaCEs3HfdI,Music,ORIGINAL
Q-GOFPM01d0,Music,ORIGINAL
TJyy_qz_qII,Music,ORIGINAL
pXPHSaj8qSw,Entertainment,ORIGINAL
5IJ14RAqz3s,Sports,ORIGINAL
o3bhQwY0KCY,Film & Animation,ORIGINAL
X6fWfoax5bU,Film & Animation,ORIGINAL
aw7pMlz4lj0,Entertainment,ORIGINAL
#NAME?,Entertainment,ORIGINAL
ZecRyptLcFo,Entertainment,ORIGINAL
S_xEhN_SyC8,Entertainment,ORIGINAL
HSWmAyc2PGk,Entertainment,ORIGINAL
4jZ-7xhLj-w,Entertainment,ORIGINAL
mu1LmpE_rjE,Entertainment,ORIGINAL
L2rPcFB-bKg,Entertainment,ORIGINAL
EPq2r8hUCBM,Entertainment,ORIGINAL
gPuxJYAuT_g,Entertainment,ORIGINAL
DHJaC6tArpY,Entertainment,ORIGINAL
